method,n_components,k,accuracy
random,50,5,0.8012820512820513
random,100,5,0.8269230769230769
pca,50,5,0.7371794871794872
pca,100,5,0.7307692307692307
