method,n_components,k,n_classifiers,accuracy,precision,recall,f1_score,total_misclassified,misclassified_indices
random,100,,20,0.8141025641025641,0.8263778117777272,0.8141025641025641,0.7839021700480802,29,"[120, 52, 48, 119, 68]"
random,100,,30,0.8076923076923077,0.8121516164994426,0.8076923076923077,0.7783882783882784,30,"[132, 26, 7, 126, 141]"
random,200,,20,0.8076923076923077,0.806447963800905,0.8076923076923077,0.7820347394540943,30,"[85, 35, 7, 120, 126]"
random,200,,30,0.7948717948717948,0.791898922333705,0.7948717948717948,0.7636141636141636,32,"[68, 11, 42, 55, 95]"
pca,100,,20,0.7884615384615384,0.7769230769230769,0.7884615384615384,0.7621254247760272,33,"[7, 119, 13, 55, 127]"
pca,100,,30,0.7884615384615384,0.7797955022311535,0.7884615384615384,0.7582733379219565,33,"[13, 120, 85, 35, 26]"
pca,200,,20,0.782051282051282,0.7716462281679672,0.782051282051282,0.7488400488400488,34,"[138, 15, 13, 85, 40]"
pca,200,,30,0.7884615384615384,0.7841889384420065,0.7884615384615384,0.7540955728133325,33,"[26, 95, 68, 126, 42]"
