method,n_components,k,accuracy
random,50,5,0.7640897755610973
random,100,5,0.7770573566084789
pca,50,5,0.7067331670822943
pca,100,5,0.7092269326683291
